id,title,youtube_url,created_at,language_code,author_name,start_time,end_time
58,Warum schickt Allah (swt) uns keine Zeichen? ,https://www.youtube.com/watch?v=TVMhxpPDnb8$0,2026-05-18 05:28:04+00,de,Sheikh Mohammad El-Chaer,982,2255
59,Die Selbstbewunderung Teil 1,https://www.youtube.com/live/KyZKEWF2rFE?si=6TqVBJ8mfTmGu21a,2026-05-18 05:28:12+00,de,Sayyid Maher El Ali,,
60,Die Selbstbewunderung Teil II,https://www.youtube.com/watch?v=rX4-1Nahoh0$0,2026-05-18 05:28:14+00,de,Sayyid Maher El Ali,,
61,Prüfungen - Wie sollte ein Muslim damit umgehen?,https://www.youtube.com/watch?v=WlBw_2GeXjY$0,2026-05-18 04:40:17+00,de,Sayyid Maher El Ali,,
62,Die Wachsamkeit,https://www.youtube.com/watch?v=GuIueYGtT0A$0,2026-05-18 04:40:19+00,de,Sayyid Maher El Ali,,
63,Die Reue (at-tawbah),https://www.youtube.com/watch?v=BXlEB_4IO18$0,2026-05-18 04:40:22+00,de,Sayyid Maher El Ali,,
64,Die Selbstabrechnung (al-muhasaba),https://www.youtube.com/watch?v=T397VdgxV4A$0,2026-05-18 04:40:24+00,de,Sayyid Maher El Ali,,
65,Das Nachdenken (at-tafakur),https://www.youtube.com/watch?v=p4tghQcuyYU$0,2026-05-18 05:28:07+00,de,Sayyid Maher El Ali,,
66,Das Gedenken des Todes (dhikr ul-mawt),https://www.youtube.com/watch?v=GKJ0lWT_dMg$0,2026-05-18 04:40:29+00,de,Sayyid Maher El Ali,,
67,Der Wille und die Entschlossenheit (al-irada wal 'azm),https://www.youtube.com/watch?v=XJ_NVYzu6Jg$0,2026-05-18 04:40:32+00,de,Sayyid Maher El Ali,,
68,Die Prävention (al-wiqayah),https://www.youtube.com/watch?v=7NDext-rr6o$0,2026-05-18 04:40:35+00,de,Sayyid Maher El Ali,,
69,Die Aufklärungspflicht der Frau,https://www.youtube.com/watch?v=fIK5K9Y83CM$0,2026-05-18 04:40:37+00,de,Sayyid Maher El Ali,,
70,Von der Berufung des Propheten zur Würde des Menschen,https://www.youtube.com/watch?v=u3GXbygzCOc$0,2026-05-18 05:30:48+00,de,Sayyid Maher El Ali,,
71,Die spirituelle Nahrung des Monats Ramadan,https://www.youtube.com/watch?v=-98ZjIR7QR0$0,2026-05-18 04:40:42+00,de,Sayyid Maher El Ali,3652,5889
73,Der Neid,https://www.youtube.com/watch?v=SbbPRPLtYsY$0,2026-05-18 05:30:43+00,de,Sayyid Maher El Ali,,
74,Der Hochmut,https://www.youtube.com/watch?v=ARp4Nt7JIR8$0,2026-05-18 04:40:46+00,de,Sayyid Maher El Ali,,
75,Der Zorn,https://www.youtube.com/watch?v=H8yb9CczjSM$0,2026-05-18 05:29:05+00,de,Sayyid Maher El Ali,,
76,Die Besonderheit des Monats Schaʿbān,https://www.youtube.com/watch?v=BDpyGDk58zw$0,2026-05-18 04:40:51+00,de,Sayyid Maher El Ali,,
78,Verbesserung des Selbst - Überlieferung von Imam as-Sadiq (as),https://www.youtube.com/watch?v=REJTsimFOVA$0,2026-05-18 04:40:55+00,de,Sheikh Amir Nadji,,
79,Die Ehe von Prophet Mohammad (s.) & Sayyida Khadija (as.),https://www.youtube.com/watch?v=AUagAtIR_1E$0,2026-05-18 05:28:59+00,de,Sheikh Amir Nadji,702,
80,Beginn der Woche des Geburtstages des Propheten (s.),https://www.youtube.com/watch?v=g3ytBoYqo4o$0,2026-05-18 04:41:03+00,de,Sheikh Amir Nadji,641,3627
81,Martyrium vom Imam Ja'far as-Sadiq (as.),https://www.youtube.com/watch?v=kyXCiGjm3QA$0,2026-05-18 05:28:56+00,de,Sheikh Amir Nadji,876,3072
82,Martyrium von Imam Mohammad al-Jawad (as.),https://www.youtube.com/watch?v=dui9heYeSuU$0,2026-05-18 04:41:08+00,de,Sheikh Amir Nadji,1042,3168
83,Programm zum Abschied des Jahres,https://www.youtube.com/watch?v=7wI4PMdnXhQ$0,2026-05-18 05:29:01+00,de,Sheikh Amir Nadji,1249,
84,Die Berufung des Propheten (s.),https://www.youtube.com/watch?v=HEkElQ49RZ4$0,2026-05-18 04:41:14+00,de,Sheikh Amir Nadji,856,3121
85,Menschliche Werte im Islam,https://www.youtube.com/watch?v=jBHzSftwXaw$0,2026-05-18 04:41:16+00,de,Sheikh Mehdi Khalil,1006,3706
86,Sünden und ihre Auswirkungen,https://www.youtube.com/watch?v=nsCFRropPPM$0,2026-05-18 04:41:19+00,de,Sheikh Mehdi Khalil,881,3492
87,Einführung in den Monat Muharram,https://www.youtube.com/watch?v=LdbQxnmQMRk$0,2026-05-18 05:29:20+00,de,Sheikh Mehdi Khalil,1082,3024
88,Gottesverständnis und Rätsel Teil 1,https://www.youtube.com/watch?v=YoNmePrZUVo$0,2026-05-18 05:30:27+00,de,Sheikh Mehdi Khalil,1260,4169
89,Gottesverständnis und Rätsel Teil 2,https://www.youtube.com/watch?v=S9TYRxnTnKs$0,2026-05-18 05:30:30+00,de,Sheikh Mehdi Khalil,791,3616
90,Gesellschaftsleben im Islam,https://www.youtube.com/watch?v=OEGqT6cMdDg$0,2026-05-18 04:41:29+00,de,Sheikh Mehdi Khalil,967,3800
91,Der Reformgedanke in der Bewegung Imam al Hussains (as.) ,https://www.youtube.com/watch?v=PIYb8RLITnI$0,2026-05-18 04:41:34+00,de,Sheikh Mehdi Khalil,842,2965
92,Das Gebet - Die Himmelfahrt des Gläubigen,https://www.youtube.com/watch?v=HcsrEcL7UcQ$0,2026-05-18 05:28:27+00,de,Sheikh Mehdi Khalil,1183,3697
93,Zweifel - Bedeutung & Umgang,https://www.youtube.com/watch?v=xS-47_A0Law$0,2026-05-18 04:41:38+00,de,Sheikh Mohamed Tohmeh,,
94,Das schlechte Benehmen ,https://www.youtube.com/watch?v=ZwZSYYnCXH4$0,2026-05-18 05:30:34+00,de,Sheikh Mohamed Tohmeh,,
95,Glücklich in der Ehe - Wie geht das? ,https://www.youtube.com/watch?v=mYjVB0Z00yA$0,2026-05-18 04:41:42+00,de,Sheikh Mohamed Tohmeh,,
96,Lehren aus dem Leben von Imam Ridha (as.) ,https://www.youtube.com/watch?v=0UImdV7nIBk$0,2026-05-18 04:41:46+00,de,Sheikh Mohamed Tohmeh,,
97,Geduld in der Ehe,https://www.youtube.com/watch?v=ETugG7us29M$0,2026-05-18 04:41:48+00,de,Sheikh Mohamed Tohmeh,,
98,Das Gebet des Propheten (s.) - Die Säule der Religion,https://www.youtube.com/watch?v=eUferiaWrGQ$0,2026-05-18 04:41:54+00,de,Sheikh Mohamed Tohmeh,,
99,Die Botschaft des Propheten (s.) an uns Muslime,https://www.youtube.com/watch?v=xB_6NYxGWQw$0,2026-05-18 04:41:56+00,de,Sheikh Mohamed Tohmeh,,
100,Meine Gelüste und Ich - zwischen Selbstbeherrschung und Kapitulation,https://www.youtube.com/watch?v=u0vk0UfRzR8$0,2026-05-18 04:41:58+00,de,Sheikh Mohamed Tohmeh,,
101,Selbstlosigkeit,https://www.youtube.com/watch?v=8UEdcANoXI4$0,2026-05-18 04:42:01+00,de,Sheikh Mohamed Tohmeh,,
102,Die Liebe zu Allah (swt.),https://www.youtube.com/watch?v=kRK9mtBsdLw$0,2026-05-18 04:42:10+00,de,Sheikh Mohamed Tohmeh,,
103,Social Media & Influencer - Was geht und was nicht?,https://www.youtube.com/watch?v=Apmdz7HZQns$0,2026-05-18 05:28:31+00,de,Sheikh Mohamed Tohmeh,,
104,Warum wir optimistisch in die Zukunft blicken sollten,https://www.youtube.com/watch?v=wBEwXatE4ug$0,2026-05-18 04:42:16+00,de,Sheikh Mohamed Tohmeh,947,3177
105,"Meine Sünde und ich - Wie finde ich zurück zu dir, o Allah?",https://www.youtube.com/watch?v=7uzhlArLrMU$0,2026-05-18 04:42:19+00,de,Sheikh Mohamed Tohmeh,,
107,Reichtum & Armut,https://www.youtube.com/watch?v=-W-jqH-oXHk$0,2026-05-18 05:28:50+00,de,Sheikh Mohamed Tohmeh,,
108,Der muslimische Mann und seine Rolle in der Ummah,https://youtu.be/vpoST_2OQ0Y?si=ajVr7AaLWEKhd-0v,2026-05-18 04:42:34+00,de,Sheikh Mohamed Tohmeh,,
110,Die Umkehr zu Allah vor der Rückkehr zu Allah (swt.),https://www.youtube.com/live/IFPF6bWyFvQ?si=33ExiWQYXi6itOOj,2026-05-18 05:28:33+00,de,Sheikh Mohamed Tohmeh,1183,3803
111,Der Umgang mit Unwissenheit,https://www.youtube.com/watch?v=8zUlh6WRe4k$0,2026-05-18 04:42:39+00,de,Sheikh Mohamed Tohmeh,,
112,Geburtstag der Helden Karbalas,https://www.youtube.com/watch?v=cUePXrIjp9A$0,2026-05-18 05:28:48+00,de,Sheikh Mohamed Tohmeh,,
113,Das böse Auge,https://www.youtube.com/watch?v=HwqqGubVDc8$0,2026-05-18 04:42:45+00,de,Sheikh Mohamed Tohmeh,,
114,Die Grundlagen für positive Veränderung im Quran und in der Sunnah,https://www.youtube.com/watch?v=nSc5CEhBzT4$0,2026-05-18 04:42:47+00,de,Sheikh Mohamed Tohmeh,,
115,Die Erscheinung des Mahdi (aj.) Teil 1,https://www.youtube.com/watch?v=UXXeuQDWlkU$0,2026-05-18 04:42:49+00,de,Sheikh Mohamed Tohmeh,,
116,Die Erscheinung des Mahdi (aj.) Teil 2,https://www.youtube.com/watch?v=dR6HMDu69Vc$0,2026-05-18 04:42:51+00,de,Sheikh Mohamed Tohmeh,,
117,Das Testament von Imam Hassan al-Askari (as.),https://www.youtube.com/watch?v=T51uALrN6vM$0,2026-05-18 05:30:57+00,de,Sheikh Mohamed Tohmeh,,
118,Die üble Nachrede - Ghiba,https://youtu.be/87TOcDIJOzE?si=NkzyZYeJkyuUouWZ,2026-05-18 05:28:39+00,de,Sheikh Mohamed Tohmeh,,
119,Das Gute gebieten und das Schlechte verwehren - Eine vergessene Pflicht (kurze Tonstörung),https://www.youtube.com/watch?v=I9V4mGSE0Qs$0,2026-05-18 04:42:58+00,de,Sheikh Mohamed Tohmeh,1178,4453
122,Der Monat Ramadan und die Erhörung der Bittgebete,https://www.youtube.com/watch?v=baM3cOAMr0I$0,2026-05-18 04:43:06+00,de,Sheikh Hussein Sahyoun,1626,3844
123,Das aktive Warten auf Imam Al-Mahdi (ajf.),https://www.youtube.com/watch?v=4igZQt3D26A$0,2026-05-18 05:30:55+00,de,Sheikh Hussein Sahyoun,,
124,Die einfache Art eine Sadaqa (Almosen) zu entrichten,https://www.youtube.com/watch?v=4uym6M6rPBA$0,2026-05-18 04:43:16+00,de,Sheikh Hussein Sahyoun,,
125,Die Rolle der Ehefrau und Mutter - wie wertvoll ist ihre Anwesenheit?,https://www.youtube.com/watch?v=lLAbtJKpFvQ$0,2026-05-18 04:43:21+00,de,Sheikh Hussein Sahyoun,1899,4160
128,Muslimische Frauen im Spannungsfeld zwischen modernem Feminismus und dem Vorbild von Zainab (as.),https://www.youtube.com/watch?v=Z_xv0jN16Go$0,2026-05-20 19:03:37+00,de,Sheikh Mohamed Tohmeh,,
129,Die Gefährten Imam Husseins (a.): 1. Habib ibn Mudhahir (r.),https://www.youtube.com/watch?v=PATzhLhe8FI,2026-05-20 19:03:34+00,de,Sayyid Maher El Ali,,
130,Die Gefährten Imam Husseins (a.): 2. Hurr bin Yazid al-Riyahi,https://www.youtube.com/watch?v=Dook-vKFUC4,2026-05-20 19:03:30+00,,Sayyid Maher El Ali,,
135,Die Gefährten Imam Husseins (a.): 3. Muslim bin Aqil (r.),https://www.youtube.com/watch?v=sO-3MxMyBQc,2026-05-20 19:03:26+00,de,Sayyid Maher El Ali,,
136,Was erwartet Imam Mahdi (aj.) von uns?,https://www.youtube.com/watch?v=PmHkHw1umPI,2026-05-20 19:03:24+00,de,Sayyid Maher El Ali,,
137,Was zeichnete Abal Fadl al-Abbas (a.) aus?,https://www.youtube.com/watch?v=RruFlmZdj_0,2026-05-20 19:03:22+00,de,Sayyid Maher El Ali,,
138,Die Geburt von Imam Hussein (a.),https://www.youtube.com/watch?v=CwQ34rSTaBo,2026-05-20 19:03:21+00,de,Sayyid Maher El Ali,,
139,Welche Auswirkungen haben die empfohlenen Gebete auf unser Pflichtgebet?,https://www.youtube.com/watch?v=jelYmyVTYRY,2026-05-20 19:03:19+00,de,Sayyid Maher El Ali,,
140,Welche Form nimmt dein Gebet an?,https://www.youtube.com/watch?v=EL2SHoCq0Bo,2026-05-20 19:03:17+00,de,Sayyid Maher El Ali,,
141,Der hoffnungsvollste Vers im Quran - hör dir diese Geschichte an!,https://www.youtube.com/watch?v=MuJN1Es9Bsk,2026-05-20 19:03:13+00,de,Sayyid Maher El Ali,,
142,Welche Stellung hatte das Gebet beim Propheten Muhammad (s.)?,https://www.youtube.com/watch?v=sOcTOsW5dF8,2026-05-20 19:03:11+00,de,Sayyid Maher El Ali,,
143,Der Genuss des Gebets?,https://www.youtube.com/watch?v=_Vvv9aftL3w,2026-05-20 19:03:06+00,de,Sayyid Maher El Ali,,
144,Wie ist der Prophet (s.) mit seinen Enkelkindern umgegangen?,https://www.youtube.com/watch?v=dYniECIush8,2026-05-20 19:03:04+00,de,Sayyid Maher El Ali,,
145,Die hohe Moral von Imam Zayn ul-Abidin (a.) - Eine schöne Geschichte,https://www.youtube.com/watch?v=ENvci8fv554,2026-05-20 19:03:02+00,de,Sayyid Maher El Ali,,
146,Ein Bittgebet - das drei Gottesdienste vereint...,https://www.youtube.com/watch?v=xcAtI4eAFTg,2026-05-20 19:14:00+00,de,Sayyid Maher El Ali,,
147,Die Persönlichkeit des Propheten Muhammad (s.),https://www.youtube.com/watch?v=11jQO5ezIXU,2026-05-20 19:13:58+00,de,Sayyid Maher El Ali,,
148,Imam Ali (a.) - Ein Exempel der menschlichen Vollkommenheit,https://www.youtube.com/watch?v=I3sQQ2-Fn3Q,2026-05-20 19:14:07+00,de,Sheikh Mehdi Khalil,,
149,Der heilige Monat Rajab,https://www.youtube.com/watch?v=UQvPwSGBntA,2026-05-20 19:14:09+00,de,Sheikh Mehdi Khalil,,
150,Sayida Fatima (a.) - Die Mutter ihres Vaters,https://www.youtube.com/watch?v=-ngKr9UoCFw,2026-05-20 19:14:11+00,de,Sheikh Mehdi Khalil,,
151,Die Reue (at-tawbah),https://www.youtube.com/watch?v=Junk9OKe8Fs,2026-05-20 19:13:48+00,de,Sheikh Mehdi Khalil,,
152,Der Monat Ramadan - Zeit der Selbstreflexion,https://www.youtube.com/watch?v=jBy-gjiTXEE,2026-05-20 19:13:46+00,de,Sheikh Mehdi Khalil,,
153,The Struggle Within (Jihad Nafs),https://www.youtube.com/watch?v=NsjNYzLPeMA&list=PLKRqp0CUCtbu_Re3LU-PjVASu7uIWfhtI,2026-05-20 23:56:25.881053+00,en,Ayatollah Sayyid Muhammad-Ridha al-Shirazi,14,
154,Vorbereitung auf den Trauermonat Muharram,https://youtu.be/gnkSFdyOdDI?si=VQlTrrqlDUzvwZrs,2026-05-26 01:22:49.750313+00,de,Sheikh Mohamed Tohmeh,,
161,Belebung der 3. Nacht von Muharram 1447 - 2025 ,https://www.youtube.com/watch?v=fSDlp_egTXg,2026-05-26 01:31:05.135851+00,de,Sheikh Mohamed Tohmeh,,
162,Belebung der 4. Nacht von Muharram 1447 - 2025 (fehler im thumbnail),https://www.youtube.com/watch?v=hevhk37B6IA$0,2026-05-26 01:31:56.48315+00,de,Sheikh Mohamed Tohmeh,,
163,Belebung der 5. Nacht von Muharram 1447 - 2025,https://www.youtube.com/watch?v=dLahrdaEbg8,2026-05-26 01:34:33.672577+00,de,Sheikh Mohamed Tohmeh,,
164,Belebung der 6. Nacht von Muharram 1447 - 2025,https://www.youtube.com/watch?v=2Y8WqXdlZDM,2026-05-26 01:35:15.896686+00,de,Sheikh Mohamed Tohmeh,,
165,Belebung der 7. Nacht von Muharram 1447 - 2025,https://www.youtube.com/watch?v=stYIAB2bjq0,2026-05-26 01:35:48.575334+00,de,Sheikh Mohamed Tohmeh,,
166,Belebung der 8. Nacht von Muharram 1447 - 2025,https://www.youtube.com/watch?v=VAXuzOOBmVY,2026-05-26 01:37:09.347581+00,de,Sheikh Mohamed Tohmeh,,
167,Belebung der 9. Nacht von Muharram 1447 - 2025,https://www.youtube.com/watch?v=6-ciBDgi3qI,2026-05-26 01:37:47.858969+00,de,Sheikh Mohamed Tohmeh,,
168,Belebung der 10. Nacht von Muharram 1447 - 2025,https://www.youtube.com/watch?v=OiFnIl1d6vg,2026-05-26 01:38:24.443664+00,de,Sheikh Mohamed Tohmeh,,
169,Der 10. Tag - Muharram 1447 - 2025,https://www.youtube.com/watch?v=hsNgxjk9zYg,2026-05-26 01:41:10.350015+00,de,Sheikh Mohamed Tohmeh,,
170,The Remembrance of Allah ,https://www.youtube.com/watch?v=dldpBwC-6TY&list=PLKRqp0CUCtbu_Re3LU-PjVASu7uIWfhtI&index=8,2026-05-26 01:51:40.793361+00,en,Ayatollah Sayyid Muhammad-Ridha al-Shirazi,67,1324
171,Tolerance,https://www.youtube.com/watch?v=6u9DDW4c3s0&list=PLKRqp0CUCtbu_Re3LU-PjVASu7uIWfhtI&index=9,2026-05-26 01:54:08.279018+00,en,Ayatollah Sayyid Muhammad-Ridha al-Shirazi,67,3197
172,ذِكْرُ اللهِ,https://www.youtube.com/watch?v=dldpBwC-6TY&list=PLKRqp0CUCtbu_Re3LU-PjVASu7uIWfhtI&index=8,2026-05-26 01:57:01.83717+00,ar,Ayatollah Sayyid Muhammad-Ridha al-Shirazi,67,1324
173,تَسَامُحُ,https://www.youtube.com/watch?v=6u9DDW4c3s0&list=PLKRqp0CUCtbu_Re3LU-PjVASu7uIWfhtI&index=9,2026-05-26 01:57:01.83717+00,ar,Ayatollah Sayyid Muhammad-Ridha al-Shirazi,67,3197
174,Getting Closer To Allah & Satisfying Your Heart Properly,https://youtu.be/3rI9-KfVZoM?si=Ljkm5i16sugZZpJa,2026-05-28 16:43:34.099523+00,en,Hajj Hassanain Rajabali,,
175,Striving Towards Allah: Dealing with Hardships and Vulnerabilities,https://youtu.be/aLi8-nsVgYQ?si=BSY8ZrCqeGCni9A6,2026-05-28 21:20:20.313886+00,en,Hajj Hassanain Rajabali,,
176,النور الذي نسعى إليه,https://www.youtube.com/watch?v=JV3TK77DHL0,2026-06-02 21:31:43.589068+00,ar,Sheikh Mohammad El-Chaer,,
177,Intro: Why Doesn't Allah ﷻ Send Us Clear Signs?,https://www.youtube.com/watch?v=JwyAezjNJcs&list=PLGDA8FNsz8hfrDRbKmGHSCWbG5xmeKINN,2026-06-02 21:32:29.707132+00,en,Sheikh Mohammad El-Chaer,,
178,The Importance of History,https://www.youtube.com/watch?v=i6yR8W_Rapo&list=PLGDA8FNsz8hfrDRbKmGHSCWbG5xmeKINN&index=2,2026-06-02 21:33:03.618783+00,en,Sheikh Mohammad El-Chaer,,
179,Takleef: What Are You Doing for Your Imam?,https://www.youtube.com/watch?v=ImrT_gngrJI&list=PLGDA8FNsz8hfrDRbKmGHSCWbG5xmeKINN&index=3,2026-06-02 21:33:45.153763+00,en,Sheikh Mohammad El-Chaer,,
180,Patience: The Path of Allah ﷻ,https://www.youtube.com/watch?v=fw84-f-T9vs&list=PLGDA8FNsz8hfrDRbKmGHSCWbG5xmeKINN&index=4,2026-06-07 22:06:45.582227+00,en,Sheikh Mohammad El-Chaer,,
181,The Elite and the Public,https://www.youtube.com/watch?v=W9EjRxvC_Ig&list=PLGDA8FNsz8hfrDRbKmGHSCWbG5xmeKINN&index=5,2026-06-07 22:07:17.29513+00,en,Sheikh Mohammad El-Chaer,,
182,Sacrifice & Hussain (a): The Eternal Legacy,https://www.youtube.com/watch?v=G2ivUez6D20,2026-06-07 22:07:55.895017+00,en,Sheikh Mohammad El-Chaer,,
183,God-Consciousness: The Lens of Hussain (a) and His Companions,https://www.youtube.com/watch?v=vil3x_jEA7E,2026-06-07 22:11:19.894025+00,en,Sheikh Mohammad El-Chaer,,
184,Childhood Friends: Imam Hussain (a) and Omar ibn Saad,https://www.youtube.com/watch?v=4trEaKFdM28,2026-06-07 22:14:11.545416+00,en,Sheikh Mohammad El-Chaer,,
185,What Is More Important Than Prayer,https://www.youtube.com/watch?v=c9RVh18wEU4,2026-06-07 22:14:42.847699+00,en,Sheikh Mohammad El-Chaer,,
186,Learning From Zaynab (a): Avoiding Hidden Idolatry,https://www.youtube.com/watch?v=5F_E16GuACo,2026-06-07 22:15:29.275361+00,en,Sheikh Mohammad El-Chaer,,
187,Ashura: The Godly Event,https://www.youtube.com/watch?v=3zARWhG1qPE,2026-06-07 22:16:00.191479+00,en,Sheikh Mohammad El-Chaer,,
188,The importance of the day of Ghadeer,https://www.youtube.com/watch?v=qDGQr6W_tmc,2026-06-07 22:18:05.314322+00,en,Sheikh Mohammad El-Chaer,,
189,How powerful can words be?,https://www.youtube.com/watch?v=DiAsJ-Jd73g,2026-06-07 22:20:02.141288+00,en,Sheikh Mohammad El-Chaer,,
190,Understanding Freedom,https://www.youtube.com/watch?v=ORr1Ps4_Ocs&list=PLBBsEwIikVBcoVgKGIetxWqa-fo7LsOdK,2026-06-07 22:21:08.174316+00,en,Sheikh Mohammad El-Chaer,,
191,Understanding The Hereafter,https://www.youtube.com/watch?v=M81AJ5hZrXY&list=PLBBsEwIikVBcoVgKGIetxWqa-fo7LsOdK&index=2,2026-06-07 22:22:00.756983+00,en,Sheikh Mohammad El-Chaer,,
192,Understanding The Return,https://www.youtube.com/watch?v=12LDv4Bh_jk&list=PLBBsEwIikVBcoVgKGIetxWqa-fo7LsOdK&index=3,2026-06-07 22:23:25.870356+00,en,Sheikh Mohammad El-Chaer,,
193,Understanding Imama,https://www.youtube.com/watch?v=NfDuBgIgfDQ&list=PLBBsEwIikVBcoVgKGIetxWqa-fo7LsOdK&index=4,2026-06-07 22:24:12.171544+00,en,Sheikh Mohammad El-Chaer,,
194,Understanding Prophethood:,https://www.youtube.com/watch?v=558-IpAGXuU&list=PLBBsEwIikVBcoVgKGIetxWqa-fo7LsOdK&index=5,2026-06-07 22:25:24.261502+00,en,Sheikh Mohammad El-Chaer,,
195,Understanding Shaytan,https://www.youtube.com/watch?v=IeukWeG38Bg&list=PLBBsEwIikVBcoVgKGIetxWqa-fo7LsOdK&index=6,2026-06-07 22:25:55.178325+00,en,Sheikh Mohammad El-Chaer,,
196,Understanding Allah,https://www.youtube.com/watch?v=pncMU_UQAfc&list=PLBBsEwIikVBcoVgKGIetxWqa-fo7LsOdK&index=7,2026-06-07 22:26:53.183296+00,en,Sheikh Mohammad El-Chaer,,
197,Understanding Religion,https://www.youtube.com/watch?v=CGUAKTPWFgI&list=PLBBsEwIikVBcoVgKGIetxWqa-fo7LsOdK&index=8,2026-06-07 22:27:18.282886+00,en,Sheikh Mohammad El-Chaer,,
198,Understanding Perfection,https://www.youtube.com/watch?v=dVa_PDvzzEo&list=PLBBsEwIikVBcoVgKGIetxWqa-fo7LsOdK&index=9,2026-06-07 22:27:43.47193+00,en,Sheikh Mohammad El-Chaer,,
199,Understanding Yourself,https://www.youtube.com/watch?v=_92X90Z2XR8&list=PLBBsEwIikVBcoVgKGIetxWqa-fo7LsOdK&index=10,2026-06-07 22:28:05.992551+00,en,Sheikh Mohammad El-Chaer,,
200,Gleaming Words - Four Systems,https://www.youtube.com/watch?v=RL6DEbiHtQY&list=PLKRqp0CUCtbu_Re3LU-PjVASu7uIWfhtI&index=10,2026-06-09 22:28:21.669979+00,en,Ayatollah Sayyid Muhammad-Ridha al-Shirazi,67,1354
201,Gleaming Words - Seeing Paradise,https://www.youtube.com/watch?v=wB3-xundk4g&list=PLKRqp0CUCtbu_Re3LU-PjVASu7uIWfhtI&index=11,2026-06-09 22:43:48.578502+00,en,Ayatollah Sayyid Muhammad-Ridha al-Shirazi,66,1652
202,Success is the Greatest Blessing,https://www.youtube.com/watch?v=7KGGJqR-ZHo&list=PLKRqp0CUCtbu_Re3LU-PjVASu7uIWfhtI&index=12,2026-06-09 22:47:56.662444+00,en,Ayatollah Sayyid Muhammad-Ridha al-Shirazi,66,1398
203,Participating in the Rituals of Imam Hussain (a),https://www.youtube.com/watch?v=qeGdbOPzfC8&list=PLKRqp0CUCtbu_Re3LU-PjVASu7uIWfhtI&index=13,2026-06-09 22:48:47.859787+00,en,Ayatollah Sayyid Muhammad-Ridha al-Shirazi,66,2688
204,Gleaming Words - Factors that Lead to Success,https://www.youtube.com/watch?v=2hwpv8jgCV0&list=PLKRqp0CUCtbu_Re3LU-PjVASu7uIWfhtI&index=14,2026-06-09 23:31:55.4886+00,en,Ayatollah Sayyid Muhammad-Ridha al-Shirazi,66,1700
205,Gleaming Words - How Should We Look at Life,https://www.youtube.com/watch?v=07RzCa7NHtM&list=PLKRqp0CUCtbu_Re3LU-PjVASu7uIWfhtI&index=16,2026-06-09 23:31:55.4886+00,en,Ayatollah Sayyid Muhammad-Ridha al-Shirazi,66,1935
206,Gleaming Words - Key to Happiness and Prosperity,https://www.youtube.com/watch?v=9OwUE6HwCdo&list=PLKRqp0CUCtbu_Re3LU-PjVASu7uIWfhtI&index=17,2026-06-09 23:31:55.4886+00,en,Ayatollah Sayyid Muhammad-Ridha al-Shirazi,66,2578
207,Let’s Work for Allah,https://www.youtube.com/watch?v=IbyQQm0rrYs&list=PLKRqp0CUCtbu_Re3LU-PjVASu7uIWfhtI&index=18,2026-06-09 23:31:55.4886+00,en,Ayatollah Sayyid Muhammad-Ridha al-Shirazi,66,1053
208,The Greatness of Chastity,https://www.youtube.com/watch?v=HPKI5ILzHrE&list=PLKRqp0CUCtbu_Re3LU-PjVASu7uIWfhtI&index=19,2026-06-09 23:31:55.4886+00,en,Ayatollah Sayyid Muhammad-Ridha al-Shirazi,66,1541
209,Gleaming Words - A Few Words on Supplication,https://www.youtube.com/watch?v=6ggcKXJHq3M&list=PLKRqp0CUCtbu_Re3LU-PjVASu7uIWfhtI&index=20,2026-06-09 23:32:43.499277+00,en,Ayatollah Sayyid Muhammad-Ridha al-Shirazi,66,1754
210,Gleaming Words - The Special Mercy of Allah,https://www.youtube.com/watch?v=kCrHEoPVg3I&list=PLKRqp0CUCtbu_Re3LU-PjVASu7uIWfhtI&index=21,2026-06-09 23:34:04.387168+00,en,Ayatollah Sayyid Muhammad-Ridha al-Shirazi,66,1627
211,Gleaming Words - Good News and a Warning,https://www.youtube.com/watch?v=mEBR_YzEocc&list=PLKRqp0CUCtbu_Re3LU-PjVASu7uIWfhtI&index=22,2026-06-09 23:34:04.387168+00,en,Ayatollah Sayyid Muhammad-Ridha al-Shirazi,66,1742
212,Gleaming Words - Mobilizing and Advancing the Muslims,https://www.youtube.com/watch?v=ISWhj_lfGt0&list=PLKRqp0CUCtbu_Re3LU-PjVASu7uIWfhtI&index=23,2026-06-09 23:35:31.269504+00,en,Ayatollah Sayyid Muhammad-Ridha al-Shirazi,66,2752
213,Gleaming Words - The Motives Behind Actions,https://www.youtube.com/watch?v=dFkMVAUJ5w8&list=PLKRqp0CUCtbu_Re3LU-PjVASu7uIWfhtI&index=24,2026-06-09 23:35:31.269504+00,en,Ayatollah Sayyid Muhammad-Ridha al-Shirazi,66,1367
214,Gleaming Words - Asceticism and its Effects,https://www.youtube.com/watch?v=7KE9bsRH7bQ&list=PLKRqp0CUCtbu_Re3LU-PjVASu7uIWfhtI&index=25,2026-06-09 23:36:08.40055+00,en,Ayatollah Sayyid Muhammad-Ridha al-Shirazi,66,2000
215,Gleaming Words - Public Opinion,https://www.youtube.com/watch?v=OmyanMYD6rk&list=PLKRqp0CUCtbu_Re3LU-PjVASu7uIWfhtI&index=26,2026-06-11 21:49:34.520893+00,en,Ayatollah Sayyid Muhammad-Ridha al-Shirazi,66,2665
216,Gleaming Words - Endurance until Success,https://www.youtube.com/watch?v=JQM9QVwrFNg&list=PLKRqp0CUCtbu_Re3LU-PjVASu7uIWfhtI&index=27,2026-06-11 21:52:31.945197+00,en,Ayatollah Sayyid Muhammad-Ridha al-Shirazi,66,2900
217,Gleaming Words - Repentance: Its Meaning and its Challenges,https://www.youtube.com/watch?v=Vhz0dckpfBQ&list=PLKRqp0CUCtbu_Re3LU-PjVASu7uIWfhtI&index=28,2026-06-11 21:52:31.945197+00,en,Ayatollah Sayyid Muhammad-Ridha al-Shirazi,66,2723
218,Gleaming Words - Attributes of a Believer,https://www.youtube.com/watch?v=5pVZJ4Pgyt4&list=PLKRqp0CUCtbu_Re3LU-PjVASu7uIWfhtI&index=29,2026-06-11 21:52:31.945197+00,en,Ayatollah Sayyid Muhammad-Ridha al-Shirazi,66,1305
219,Gleaming Words - The Theory of the Council of Jurists,https://www.youtube.com/watch?v=EgUZks89R-c&list=PLKRqp0CUCtbu_Re3LU-PjVASu7uIWfhtI&index=30,2026-06-11 21:52:31.945197+00,en,Ayatollah Sayyid Muhammad-Ridha al-Shirazi,66,1674
220,Gleaming Words - Taking Advantage of Holidays,https://www.youtube.com/watch?v=pGzC1a0z3K0&list=PLKRqp0CUCtbu_Re3LU-PjVASu7uIWfhtI&index=31,2026-06-11 21:54:33.064111+00,en,Ayatollah Sayyid Muhammad-Ridha al-Shirazi,66,2676
221,Gleaming Words - Rights in Divine Law,https://www.youtube.com/watch?v=aOHhfFWuvlA&list=PLKRqp0CUCtbu_Re3LU-PjVASu7uIWfhtI&index=32,2026-06-11 21:54:33.064111+00,en,Ayatollah Sayyid Muhammad-Ridha al-Shirazi,66,2044
222,Implementing the Holy Qur’an,https://www.youtube.com/watch?v=7y3mEmsGPfo&list=PLKRqp0CUCtbu_Re3LU-PjVASu7uIWfhtI&index=33,2026-06-11 21:54:33.064111+00,en,Ayatollah Sayyid Muhammad-Ridha al-Shirazi,66,1203
223,كلمات مضيئة - أربعة أنظمة,https://www.youtube.com/watch?v=RL6DEbiHtQY&list=PLKRqp0CUCtbu_Re3LU-PjVASu7uIWfhtI&index=10,2026-06-11 22:02:48.416963+00,ar,Ayatollah Sayyid Muhammad-Ridha al-Shirazi,67,1354
224,كلمات مضيئة - رؤية الجنة,https://www.youtube.com/watch?v=wB3-xundk4g&list=PLKRqp0CUCtbu_Re3LU-PjVASu7uIWfhtI&index=11,2026-06-11 22:02:48.416963+00,ar,Ayatollah Sayyid Muhammad-Ridha al-Shirazi,66,1652
225,النجاح أعظم نعمة,https://www.youtube.com/watch?v=7KGGJqR-ZHo&list=PLKRqp0CUCtbu_Re3LU-PjVASu7uIWfhtI&index=12,2026-06-11 22:02:48.416963+00,ar,Ayatollah Sayyid Muhammad-Ridha al-Shirazi,66,1398
226,المشاركة في شعائر الإمام الحسين (ع),https://www.youtube.com/watch?v=qeGdbOPzfC8&list=PLKRqp0CUCtbu_Re3LU-PjVASu7uIWfhtI&index=13,2026-06-11 22:02:48.416963+00,ar,Ayatollah Sayyid Muhammad-Ridha al-Shirazi,66,2688
227,كلمات مضيئة - عوامل تؤدي إلى النجاح,https://www.youtube.com/watch?v=2hwpv8jgCV0&list=PLKRqp0CUCtbu_Re3LU-PjVASu7uIWfhtI&index=14,2026-06-11 22:02:48.416963+00,ar,Ayatollah Sayyid Muhammad-Ridha al-Shirazi,66,1700
228,كلمات مضيئة - كيف ينبغي أن ننظر إلى الحياة,https://www.youtube.com/watch?v=07RzCa7NHtM&list=PLKRqp0CUCtbu_Re3LU-PjVASu7uIWfhtI&index=16,2026-06-11 22:02:48.416963+00,ar,Ayatollah Sayyid Muhammad-Ridha al-Shirazi,66,1935
229,كلمات مضيئة - مفتاح السعادة والازدهار,https://www.youtube.com/watch?v=9OwUE6HwCdo&list=PLKRqp0CUCtbu_Re3LU-PjVASu7uIWfhtI&index=17,2026-06-11 22:02:48.416963+00,ar,Ayatollah Sayyid Muhammad-Ridha al-Shirazi,66,2578
230,لنعمل من أجل الله,https://www.youtube.com/watch?v=IbyQQm0rrYs&list=PLKRqp0CUCtbu_Re3LU-PjVASu7uIWfhtI&index=18,2026-06-11 22:02:48.416963+00,ar,Ayatollah Sayyid Muhammad-Ridha al-Shirazi,66,1053
231,عظمة العفة,https://www.youtube.com/watch?v=HPKI5ILzHrE&list=PLKRqp0CUCtbu_Re3LU-PjVASu7uIWfhtI&index=19,2026-06-11 22:02:48.416963+00,ar,Ayatollah Sayyid Muhammad-Ridha al-Shirazi,66,1541
232,كلمات مضيئة - بضع كلمات حول الدعاء,https://www.youtube.com/watch?v=6ggcKXJHq3M&list=PLKRqp0CUCtbu_Re3LU-PjVASu7uIWfhtI&index=20,2026-06-11 22:02:48.416963+00,ar,Ayatollah Sayyid Muhammad-Ridha al-Shirazi,66,1754
233,كلمات مضيئة - رحمة الله الخاصة,https://www.youtube.com/watch?v=kCrHEoPVg3I&list=PLKRqp0CUCtbu_Re3LU-PjVASu7uIWfhtI&index=21,2026-06-11 22:02:48.416963+00,ar,Ayatollah Sayyid Muhammad-Ridha al-Shirazi,66,1627
234,كلمات مضيئة - بشارة وتحذير,https://www.youtube.com/watch?v=mEBR_YzEocc&list=PLKRqp0CUCtbu_Re3LU-PjVASu7uIWfhtI&index=22,2026-06-11 22:02:48.416963+00,ar,Ayatollah Sayyid Muhammad-Ridha al-Shirazi,66,1742
235,كلمات مضيئة - تعبئة المسلمين ودفعهم إلى التقدم,https://www.youtube.com/watch?v=ISWhj_lfGt0&list=PLKRqp0CUCtbu_Re3LU-PjVASu7uIWfhtI&index=23,2026-06-11 22:02:48.416963+00,ar,Ayatollah Sayyid Muhammad-Ridha al-Shirazi,66,2752
236,كلمات مضيئة - الدوافع وراء الأعمال,https://www.youtube.com/watch?v=dFkMVAUJ5w8&list=PLKRqp0CUCtbu_Re3LU-PjVASu7uIWfhtI&index=24,2026-06-11 22:02:48.416963+00,ar,Ayatollah Sayyid Muhammad-Ridha al-Shirazi,66,1367
237,كلمات مضيئة - الزهد وآثاره,https://www.youtube.com/watch?v=7KE9bsRH7bQ&list=PLKRqp0CUCtbu_Re3LU-PjVASu7uIWfhtI&index=25,2026-06-11 22:02:48.416963+00,ar,Ayatollah Sayyid Muhammad-Ridha al-Shirazi,66,2000
238,كلمات مضيئة - الرأي العام,https://www.youtube.com/watch?v=OmyanMYD6rk&list=PLKRqp0CUCtbu_Re3LU-PjVASu7uIWfhtI&index=26,2026-06-11 22:02:48.416963+00,ar,Ayatollah Sayyid Muhammad-Ridha al-Shirazi,66,2665
239,كلمات مضيئة - الصمود حتى النجاح,https://www.youtube.com/watch?v=JQM9QVwrFNg&list=PLKRqp0CUCtbu_Re3LU-PjVASu7uIWfhtI&index=27,2026-06-11 22:02:48.416963+00,ar,Ayatollah Sayyid Muhammad-Ridha al-Shirazi,66,2900
240,كلمات مضيئة - التوبة: معناها وتحدياتها,https://www.youtube.com/watch?v=Vhz0dckpfBQ&list=PLKRqp0CUCtbu_Re3LU-PjVASu7uIWfhtI&index=28,2026-06-11 22:02:48.416963+00,ar,Ayatollah Sayyid Muhammad-Ridha al-Shirazi,66,2723
241,كلمات مضيئة - صفات المؤمن,https://www.youtube.com/watch?v=5pVZJ4Pgyt4&list=PLKRqp0CUCtbu_Re3LU-PjVASu7uIWfhtI&index=29,2026-06-11 22:02:48.416963+00,ar,Ayatollah Sayyid Muhammad-Ridha al-Shirazi,66,1305
242,كلمات مضيئة - نظرية شورى الفقهاء,https://www.youtube.com/watch?v=EgUZks89R-c&list=PLKRqp0CUCtbu_Re3LU-PjVASu7uIWfhtI&index=30,2026-06-11 22:02:48.416963+00,ar,Ayatollah Sayyid Muhammad-Ridha al-Shirazi,66,1674
243,كلمات مضيئة - الاستفادة من العطل,https://www.youtube.com/watch?v=pGzC1a0z3K0&list=PLKRqp0CUCtbu_Re3LU-PjVASu7uIWfhtI&index=31,2026-06-11 22:02:48.416963+00,ar,Ayatollah Sayyid Muhammad-Ridha al-Shirazi,66,2676
244,كلمات مضيئة - الحقوق في الشريعة الإلهية,https://www.youtube.com/watch?v=aOHhfFWuvlA&list=PLKRqp0CUCtbu_Re3LU-PjVASu7uIWfhtI&index=32,2026-06-11 22:02:48.416963+00,ar,Ayatollah Sayyid Muhammad-Ridha al-Shirazi,66,2044
245,تطبيق القرآن الكريم,https://www.youtube.com/watch?v=7y3mEmsGPfo&list=PLKRqp0CUCtbu_Re3LU-PjVASu7uIWfhtI&index=33,2026-06-11 22:02:48.416963+00,ar,Ayatollah Sayyid Muhammad-Ridha al-Shirazi,66,1203
246,Dua Kumail,https://youtu.be/zsG66Mm7bDg?si=qFjOMyFrtnDlvEGt,2026-06-13 23:34:36.195364+00,de,Abather Alhalwachi,,
247,Dua Kumayl,https://youtu.be/zsG66Mm7bDg?si=qFjOMyFrtnDlvEGt,2026-06-13 23:34:36.195364+00,en,Abather Alhalwachi,,
248,دعاء كميل,https://youtu.be/zsG66Mm7bDg?si=qFjOMyFrtnDlvEGt,2026-06-13 23:34:36.195364+00,ar,Abather Alhalwachi,,
249,Dua Tuwassul,https://www.youtube.com/watch?v=gIWWLYAXQMQ,2026-06-14 17:42:36.944806+00,en,Abather Alhalwachi,,
250,Dua Tuwassul,https://www.youtube.com/watch?v=gIWWLYAXQMQ,2026-06-14 17:42:36.944806+00,de,Abather Alhalwachi,,
251,دعاء التوسل,https://www.youtube.com/watch?v=gIWWLYAXQMQ,2026-06-14 17:42:36.944806+00,ar,Abather Alhalwachi,,
252,Dua Mashlool,https://www.youtube.com/watch?v=XperxBHUET4,2026-06-14 17:45:04.921448+00,de,Abather Alhalwachi,,
253,Dua Mashlool,https://www.youtube.com/watch?v=XperxBHUET4,2026-06-14 17:45:04.921448+00,en,Abather Alhalwachi,,
254,دعاء المشلول,https://www.youtube.com/watch?v=XperxBHUET4,2026-06-14 17:45:04.921448+00,ar,Abather Alhalwachi,,
255,Dua Al Nodbah,https://www.youtube.com/watch?v=5lzjK71AitE&list=RD5lzjK71AitE&start_radio=1,2026-06-14 17:46:42.533247+00,de,Abather Alhalwachi,,
256,Dua Al Nodbah,https://www.youtube.com/watch?v=5lzjK71AitE&list=RD5lzjK71AitE&start_radio=1,2026-06-14 17:46:42.533247+00,en,Abather Alhalwachi,,
257,دعاء الندبة,https://www.youtube.com/watch?v=5lzjK71AitE&list=RD5lzjK71AitE&start_radio=1,2026-06-14 17:46:42.533247+00,ar,Abather Alhalwachi,,
258,Dua Yastasheer,https://www.youtube.com/watch?v=S8j1tfaqGEA&list=RDS8j1tfaqGEA&start_radio=1,2026-06-14 17:48:35.365069+00,en,Abather Alhalwachi,,
259,Dua Yastasheer,https://www.youtube.com/watch?v=S8j1tfaqGEA&list=RDS8j1tfaqGEA&start_radio=1,2026-06-14 17:48:35.365069+00,de,Abather Alhalwachi,,
260,دعاء يستشير,https://www.youtube.com/watch?v=S8j1tfaqGEA&list=RDS8j1tfaqGEA&start_radio=1,2026-06-14 17:48:35.365069+00,ar,Abather Alhalwachi,,
261,HADITH AL-KESAA,https://www.youtube.com/watch?v=Pvf8-bUkUDc,2026-06-14 17:50:11.699694+00,de,Abather Alhalwachi,,
262,HADITH AL-KESAA,https://www.youtube.com/watch?v=Pvf8-bUkUDc,2026-06-14 17:50:11.699694+00,en,Abather Alhalwachi,,
263,حديث الكساء - الحاج أباذر الحلواجي,https://www.youtube.com/watch?v=Pvf8-bUkUDc,2026-06-14 17:50:11.699694+00,ar,Abather Alhalwachi,,
264,Ziyarat Ale-Yaseen,https://www.youtube.com/watch?v=0N3Nc-i4vbk&list=RD0N3Nc-i4vbk&start_radio=1,2026-06-14 17:59:54.289721+00,de,Abather Alhalwachi,,
265,Ziyarat Ale-Yaseen,https://www.youtube.com/watch?v=0N3Nc-i4vbk&list=RD0N3Nc-i4vbk&start_radio=1,2026-06-14 17:59:54.289721+00,en,Abather Alhalwachi,,
266,زيارة الإمام صاحب الزمان (عج),https://www.youtube.com/watch?v=0N3Nc-i4vbk&list=RD0N3Nc-i4vbk&start_radio=1,2026-06-14 17:59:54.289721+00,ar,Abather Alhalwachi,,
267,"Religious Trauma | Muharram 2026, Night One",https://youtu.be/lcoGEUCUxj8?si=pDpdwefw5gDQTAcV,2026-06-18 16:46:14.344388+00,en,Shaykh Mahdi Rastani,,
268,Muharram 2026 - 3. Tag,https://www.youtube.com/live/ZHx4SWiNlcI?si=AS3-FvVAQaeWvilp,2026-06-18 21:24:02.726105+00,de,Sayyid Maher El Ali,,
269,Night 1 - Muharram 1448/2026,https://www.youtube.com/live/YMn_U8O2LFE?si=ag1N-1wYlMgw-AWe,2026-06-18 21:52:35.11441+00,en,Al-Akbar Foundation,,
270,Night 2 - Muharram 1448/2026,https://www.youtube.com/live/qS_NLXnT2_c?si=0CSoMSJUIpwMkkPs,2026-06-18 21:52:35.11441+00,en,Al-Akbar Foundation,,
271,Night 3 - Muharram 1448/2026,https://www.youtube.com/live/ThGVZOz0bTA?si=V5OqmeWtpz10thNQ,2026-06-18 21:52:35.11441+00,en,Al-Akbar Foundation,,
